{
    "1.0": {
        "lens": [
            7657.0,
            7657.0,
            7542.0,
            7631.0,
            7543.0,
            7624.0,
            7548.0,
            7547.0,
            7547.0,
            7574.0,
            7548.0
        ],
        "dev_lens": [
            1.5247944842216918,
            1.5247944842216918,
            0.0,
            1.1800583399628746,
            0.013259082471492973,
            1.0872447626624238,
            0.07955449482895784,
            0.06629541235746486,
            0.06629541235746486,
            0.42429063908777515,
            0.07955449482895784
        ],
        "best_iters": [
            1179,
            791,
            740,
            549,
            1416,
            980,
            320,
            74,
            816,
            473,
            973
        ]
    }
}